{
  "config": "Python/Scripts/configs/clean_generation_run_001.json",
  "panel_path": "outputs/generation/run_001/panels_clean/sample_000.parquet",
  "scenario": "clean",
  "sample_id": 0,
  "evaluations": [
    {
      "label": "true",
      "theta": {
        "eta": 5.0,
        "kappa": 7.0,
        "vbar": 0.0225,
        "sigma_v": 0.4,
        "rho": -0.5,
        "eta_v": 5.0,
        "r": 0.02,
        "q": 0.0
      },
      "criterion_value": 0.00015400733582725585,
      "n_dates": 8,
      "n_transitions": 6,
      "n_contracts": 120,
      "state_inversion": {
        "success_rate": 1.0,
        "boundary_hit_rate": 0.0,
        "nfev_total": 143,
        "objective_mean": 8.272200040611038e-09,
        "objective_max": 2.3713401699138626e-08
      },
      "implied_variance": {
        "min": 0.03669534778526591,
        "max": 0.059817722312732,
        "mean": 0.045867101951857545,
        "std": 0.007820165084245238
      },
      "true_variance_rmse": 1.4001261030793989e-05,
      "true_variance_mae": 1.1584700242054692e-05,
      "timings": {
        "state_inversion": 0.08640437480062246,
        "ccf_residuals": 0.0017283330671489239,
        "kernel": 1.6292091459035873e-05,
        "quadratic_form": 7.116608321666718e-05,
        "total": 0.08822016604244709
      }
    },
    {
      "label": "mild_perturbation",
      "theta": {
        "eta": 6.0,
        "kappa": 5.6000000000000005,
        "vbar": 0.027,
        "sigma_v": 0.48,
        "rho": -0.7,
        "eta_v": 3.2000000000000006,
        "r": 0.02,
        "q": 0.0
      },
      "criterion_value": 0.0001889661330839663,
      "n_dates": 8,
      "n_transitions": 6,
      "n_contracts": 120,
      "state_inversion": {
        "success_rate": 1.0,
        "boundary_hit_rate": 0.0,
        "nfev_total": 144,
        "objective_mean": 0.0026403762974501525,
        "objective_max": 0.002752395949783719
      },
      "implied_variance": {
        "min": 0.04230772754263419,
        "max": 0.06692288237226872,
        "mean": 0.052125285168969776,
        "std": 0.008325105278194864
      },
      "true_variance_rmse": 0.00627164392126839,
      "true_variance_mae": 0.006251815545533342,
      "timings": {
        "state_inversion": 0.08121137507259846,
        "ccf_residuals": 0.0016552917659282684,
        "kernel": 1.200009137392044e-05,
        "quadratic_form": 3.27499583363533e-05,
        "total": 0.082911416888237
      }
    },
    {
      "label": "strong_perturbation",
      "theta": {
        "eta": 6.25,
        "kappa": 4.8999999999999995,
        "vbar": 0.029249999999999998,
        "sigma_v": 0.30000000000000004,
        "rho": -0.7,
        "eta_v": 2.1999999999999993,
        "r": 0.02,
        "q": 0.0
      },
      "criterion_value": 0.00019341038092311516,
      "n_dates": 8,
      "n_transitions": 6,
      "n_contracts": 120,
      "state_inversion": {
        "success_rate": 1.0,
        "boundary_hit_rate": 0.0,
        "nfev_total": 144,
        "objective_mean": 0.0008099110888117003,
        "objective_max": 0.0008359735823627467
      },
      "implied_variance": {
        "min": 0.04280778105040977,
        "max": 0.06717829067023609,
        "mean": 0.05247668027312289,
        "std": 0.008236312744653912
      },
      "true_variance_rmse": 0.006615880908709616,
      "true_variance_mae": 0.006603210649686461,
      "timings": {
        "state_inversion": 0.08199045900255442,
        "ccf_residuals": 0.001623665913939476,
        "kernel": 1.1667143553495407e-05,
        "quadratic_form": 2.845795825123787e-05,
        "total": 0.08365425001829863
      }
    }
  ]
}